post_id,new_title,new_meta_description
27155,2026 年最值得看的韓劇？Netflix 新劇排行,2026 年 Netflix 最新韓劇掏出來看。精選獨家劇集評測，深度分析劇情、演員、評分。找到最適合你的必看好劇。
28183,台灣夜市美食排名 2026：士林、逢甲、華西街激戰分析,台灣最著名三大夜市美食激戰分析。詳細評比士林、逢甲、華西街各區美食特色、必吃小吃、人氣排名，發現在地美食新寶藏。
32093,AI 繪圖工具對比 2026：Midjourney vs DALL-E vs Stable Diffusion,三大 AI 繪圖工具完整對比評測。分析 Midjourney、DALL-E、Stable Diffusion 的功能、價格、出圖品質，助您選擇最佳 AI 創作工具。
30369,便利商店便當熱量排名 2026：哪家最低卡、最健康？,便利商店便當熱量排名與營養成分評測。詳細比較各品牌便當、熱量、蛋白質含量、CP 值，推薦健身愛好者最佳便當選擇。
27412,抖音直播帶貨賺多少？2026 達人收入大拆解,直播帶貨達人收入分析與成功案例。揭秘抖音帶貨主播月收入、變現方式、粉絲轉化率，分享成功達人的營運策略和增粉技巧。
30128,台灣咖啡廳連鎖品牌排名 2026：環境、服務、咖啡品質評測,台灣咖啡廳連鎖品牌完整評比。分析環境舒適度、服務品質、咖啡等級，推薦上班族和學生首選咖啡廳，幫您找到最佳工作點。
31761,2026 遊戲本電腦推薦：ROG vs MSI vs ASUS 效能對比評測,2026 年遊戲本電腦選購指南。比較 ROG、MSI、ASUS 等品牌的效能、散熱、價格，助您選擇最適合 AAA 遊戲的高效能筆電。
26090,線上課程平台評比 2026：Udemy vs Skillshare vs MasterClass,線上課程平台完整評比。分析 Udemy、Skillshare、MasterClass 的課程多樣性、講師品質、訂閱費用，助您選擇最適合學習平台。
31654,股票投資新手教學 2026：基礎知識、策略與風險管理,股票投資新手完整教學。講解基本概念、選股策略、風險管理、手續費計算，助初心者安全踏入股市，累積被動收入。
29027,2026 瘦身減肥方法排名：科學驗證與減脂成效評測,瘦身減肥方法科學評測排名。比較運動、飲食、代謝法的減肥成效，提供安全高效的減脂方案，助您健康瘦身。
29301,GFRIEND 2026 十年回歸！K-pop 解散後奇蹟逆襲,K-pop 傳奇女團 GFRIEND 如何從暴力解散中重生？深度拆解 Source Music 決裂、粉絲力量與十周年驚喜回歸的商業奇蹟。
28506,amazarashi 2026 台北演唱會搶票｜Zepp 座位選擇 + 全攻略,amazarashi 4/24 Zepp New Taipei 開唱！完整搶票時間、席位分析、購票陷阱全解析。覆面詩人演唱會售票資訊與演出必讀指南。
28527,松本菜奈實 2026 引退｜AV 女優轉職會計師背後商業策略解密,AV 女優松本菜奈實宣布引退並轉職會計師！深度解析 9 年職涯、最後作品發售日期，以及業界對這場轉型的評價。
28360,Si Newhouse 傳奇：康泰納仕帝國｜時尚媒體虧損賺霸權的商業黑暗面,康泰納仕如何用天文數字虧損統治全球時尚？深度剖析 Si Newhouse 的媒體帝國戰略、Anna Wintour 的影響力，以及紙媒轉型困局。
27194,張靚穎 2026 聲學涅槃｜海豚音不再、新巡演風格深度解析,張靚穎帶狀皰疹後如何完成聲學轉型？深度分析新技術、去網紅化之路與 2026 巡演新面貌。華語樂壇孤勇者的進化史。
26929,Serrini 梁嘉茵全解析 2026｜港大博士的「荒誕美學」音樂進化論,Serrini 是誰？從獨立音樂圈到香港大學博士。深度剖析怪美天后的 CPTSD 歌詞隱喻、《Rage》巡演概念與最新音樂風格。
27930,岩田繪里奈 2026 大驚喜｜日本電視台王牌主播「神秘退社」與野心新方向,NTV 王牌主播岩田繪里奈宣布電擊退社！深度分析前偶像背景、超級才能與綜藝野心。日本電視圈為何稱她為『雙面刃』？
28249,The Kid LAROI 2026 新專輯《Before I Forget》｜分手公開處刑樂評,分手 4 個月銷毀專輯？The Kid LAROI《Before I Forget》揭露 R&B 新方向。深度樂評、歌詞隱喻分析與台灣發行資訊。